"covariate","rho","correlation","lo","hi"
"Educ_spend_gdp",0.01,0.223574115076653,-0.0620533549544459,0.478619362674793
"Educ_spend_gdp",0.015,0.248339074265807,-0.0843551143815499,0.525519570775497
"Educ_spend_gdp",0.02,0.243999085990113,-0.117028449689068,0.542765180963867
"Educ_spend_gdp",0.025,0.226110822723607,-0.148553732185719,0.547013894628944
"Educ_spend_gdp",0.03,0.201558966423441,-0.183095459588997,0.534816001432085
"Educ_spend_gdp",0.035,0.174040231246616,-0.224226329040023,0.519149908570736
"Educ_spend_gdp",0.04,0.145671650691378,-0.262399109315303,0.504223011634267
"Educ_spend_gdp",0.045,0.117677939533461,NA,NA
"Educ_spend_gdp",0.05,0.0907504080375071,-0.334079695760175,0.466641843753022
"Educ_spend_gdp",0.055,0.0652546357321836,-0.371522647176413,0.449596447568361
"Educ_spend_gdp",0.06,0.0413567047455643,NA,NA
"Educ_spend_gdp",0.065,0.0191016713032241,-0.415211936915898,0.41520164490123
"Educ_spend_gdp",0.07,-0.00153720771663813,NA,NA
"Educ_spend_gdp",0.075,-0.020627540836469,-0.455147462726187,0.388803645154602
"Educ_spend_gdp",0.08,-0.038258432499291,-0.468855253074841,0.37564865451581
"Educ_spend_gdp",0.085,-0.0545284632860239,NA,NA
"Educ_spend_gdp",0.09,-0.0695383511256453,-0.505483785661948,0.345873417876282
"Educ_spend_gdp",0.095,-0.0833865927381829,-0.520030745700905,0.332587374789426
"Educ_spend_gdp",0.1,-0.096166996738801,NA,NA
"Educ_spend_gdp",0.105,-0.107967409637943,-0.540590374949118,0.315450885106491
"Educ_spend_gdp",0.11,-0.118869185463086,-0.550017916409754,0.30791505439999
"Educ_spend_gdp",0.115,-0.128947110098423,NA,NA
"Educ_spend_gdp",0.12,-0.138269594899746,-0.566791682551921,0.288619104769041
"Educ_spend_gdp",0.125,-0.146899021083341,-0.57327292452304,0.281892420733138
"Educ_spend_gdp",0.13,-0.154892159787435,-0.580604369329713,0.277628603620982
"Educ_spend_gdp",0.135,-0.162300620864192,-0.587519121050814,0.27265422907359
"Educ_spend_gdp",0.14,-0.169171301716204,-0.590996399636651,0.266061058570186
"Educ_spend_gdp",0.145,-0.17554681929154,NA,NA
"Educ_spend_gdp",0.15,-0.181465915933229,NA,NA
"Educ_spend_gdp",0.155,-0.186963834601041,-0.610540923920834,0.248601389415621
"Educ_spend_gdp",0.16,-0.192072662000172,-0.613522711797046,0.244060889825265
"Educ_spend_gdp",0.165,-0.196821639989447,-0.615992302940613,0.240358813740683
"Educ_spend_gdp",0.17,-0.201237446713522,-0.618560244275656,0.238006243897663
"Educ_spend_gdp",0.175,-0.205344449481108,NA,NA
"Educ_spend_gdp",0.18,-0.209164931673837,NA,NA
"Educ_spend_gdp",0.185,-0.212719296036169,NA,NA
"Educ_spend_gdp",0.19,-0.216026246643167,-0.626456939504213,0.225376292552852
"Educ_spend_gdp",0.195,-0.219102951720879,-0.627016733892822,0.224332651888118
"Educ_spend_gdp",0.2,-0.221965189335929,-0.628226069760101,0.222251408303017
"Educ_spend_gdp",0.205,-0.224627477797867,NA,NA
"Educ_spend_gdp",0.21,-0.227103192442698,NA,NA
"Educ_spend_gdp",0.215,-0.229404670296712,NA,NA
"Educ_spend_gdp",0.22,-0.2315433039606,-0.631871348598916,0.216575069937814
"Educ_spend_gdp",0.225,-0.233529625907209,-0.633800773852488,0.215285576919517
"Educ_spend_gdp",0.23,-0.235373384252872,-0.635580445081991,0.21411565685769
"Educ_spend_gdp",0.235,-0.237083610942037,NA,NA
"Educ_spend_gdp",0.24,-0.238668683177417,NA,NA
"Educ_spend_gdp",0.245,-0.240136378832112,NA,NA
"Educ_spend_gdp",0.25,-0.241493926495261,-0.640700807551287,0.210536099267109
"Educ_spend_gdp",0.255,-0.242748050727671,-0.642005551401116,0.209529648175516
"Educ_spend_gdp",0.26,-0.243905013037521,-0.643205865301956,0.207557556882315
"Educ_spend_gdp",0.265,-0.244970649027784,-0.644300996042986,0.206579329338895
"Educ_spend_gdp",0.27,-0.245950402115459,-0.6449747303037,0.206680282424448
"Educ_spend_gdp",0.275,-0.246849354177303,-0.645392871574123,0.205556026044958
"Educ_spend_gdp",0.28,-0.247672253436783,-0.645752037093091,0.204367301876164
"Educ_spend_gdp",0.285,-0.248423539871761,NA,NA
"Educ_spend_gdp",0.29,-0.249107368391373,NA,NA
"Educ_spend_gdp",0.295,-0.249727630003217,NA,NA
"Educ_spend_gdp",0.3,-0.250287971167849,-0.646671901021668,0.200529607298124
"Educ_spend_gdp",0.305,-0.250791811516245,-0.646582607981668,0.200304580120138
"Educ_spend_gdp",0.31,-0.251242360087103,-0.646308292685825,0.200111721921077
"Educ_spend_gdp",0.315,-0.251642630224198,-0.64602042007079,0.200708467936905
"Educ_spend_gdp",0.32,-0.251995453259261,-0.645720188872353,0.201611647367664
"Educ_spend_gdp",0.325,-0.252303491092823,-0.645408703569037,0.201922598195025
"Educ_spend_gdp",0.33,-0.25256924777386,-0.645086982534502,0.201366325924398
"Educ_spend_gdp",0.335,-0.252795080168833,-0.644755965393843,0.20084243740238
"Educ_spend_gdp",0.34,-0.252983207801537,-0.644416519671107,0.200349448662262
"Educ_spend_gdp",0.345,-0.253135721937077,NA,NA
"Educ_spend_gdp",0.35,-0.253254593976044,NA,NA
"Educ_spend_gdp",0.355,-0.253341683218482,NA,NA
"Educ_spend_gdp",0.36,-0.253398744051509,NA,NA
"Educ_spend_gdp",0.365,-0.253427432609273,-0.642679575371784,0.199623942746335
"Educ_spend_gdp",0.37,-0.25342931294933,-0.642747760632354,0.19940407257738
"Educ_spend_gdp",0.375,-0.253405862785386,-0.642794341594161,0.199202423782214
"Educ_spend_gdp",0.38,-0.253358478812671,-0.642820428178086,0.199018157721984
"Educ_spend_gdp",0.385,-0.253288481658852,-0.642827069926261,0.198850473118066
"Educ_spend_gdp",0.39,-0.253197120490424,-0.64281525984413,0.198698604361522
"Educ_spend_gdp",0.395,-0.25308557730184,-0.64278593795486,0.198561819897962
"Educ_spend_gdp",0.4,-0.252954970912191,-0.642739994590988,0.198439420684908
"GDP_growth",0.01,-0.00751244159305472,-0.380157921576132,0.437997324390209
"GDP_growth",0.015,0.00552069873846019,-0.385976571660701,0.422564105592807
"GDP_growth",0.02,0.0207671136497193,-0.372145781100619,0.416426712212641
"GDP_growth",0.025,0.0402379601158614,-0.346016459957806,0.420465390440796
"GDP_growth",0.03,0.0616177926525272,-0.314020730666248,0.423163460905504
"GDP_growth",0.035,0.0832795513055393,-0.285116994330338,0.429648512020842
"GDP_growth",0.04,0.104297056867183,-0.2552191828854,0.446055754426175
"GDP_growth",0.045,0.124192689679108,NA,NA
"GDP_growth",0.05,0.142755112458922,-0.218057841585887,0.463034022803201
"GDP_growth",0.055,0.159925998237414,-0.191436493632614,0.476779635528787
"GDP_growth",0.06,0.175731911347331,NA,NA
"GDP_growth",0.065,0.190243858906977,-0.155866672226061,0.497336765408298
"GDP_growth",0.07,0.203553545956979,NA,NA
"GDP_growth",0.075,0.215759669949852,-0.120834926219988,0.519567773371359
"GDP_growth",0.08,0.226960231231717,-0.103397565696684,0.52368174722096
"GDP_growth",0.085,0.237248431476704,NA,NA
"GDP_growth",0.09,0.246710693622166,-0.0728463698957387,0.537951459593186
"GDP_growth",0.095,0.255425917403611,-0.0617717674511224,0.544734903014329
"GDP_growth",0.1,0.26346543602036,NA,NA
"GDP_growth",0.105,0.270893352758414,-0.0377770593310095,0.549819938367463
"GDP_growth",0.11,0.277767066110544,-0.0262719259213823,0.553239766127907
"GDP_growth",0.115,0.284137870879582,NA,NA
"GDP_growth",0.12,0.290051570747627,-0.0138394951563736,0.562582137271408
"GDP_growth",0.125,0.295549066863489,-0.0039599036316878,0.565896396880707
"GDP_growth",0.13,0.300666904470119,0.0030042161025457,0.568316200251084
"GDP_growth",0.135,0.305437769947583,0.010669540594076,0.571243905046813
"GDP_growth",0.14,0.309890936641348,0.0165508393456486,0.574221998371972
"GDP_growth",0.145,0.314052661179165,NA,NA
"GDP_growth",0.15,0.317946533702087,NA,NA
"GDP_growth",0.155,0.321593786194985,0.0366253658438651,0.580885779384104
"GDP_growth",0.16,0.325013563299623,0.0415998499648965,0.583022727297434
"GDP_growth",0.165,0.328223159875145,0.0439159398439358,0.58487137186738
"GDP_growth",0.17,0.331238229286689,0.0462575077248965,0.588159020509396
"GDP_growth",0.175,0.33407296604332,NA,NA
"GDP_growth",0.18,0.336740266024411,NA,NA
"GDP_growth",0.185,0.339251867159484,NA,NA
"GDP_growth",0.19,0.341618473076146,0.056755526377288,0.59453937217051
"GDP_growth",0.195,0.343849861911785,0.0602757892421354,0.595145081760927
"GDP_growth",0.2,0.345954982199496,0.0629458855481437,0.59532993182029
"GDP_growth",0.205,0.347942037486832,NA,NA
"GDP_growth",0.21,0.349818561125432,NA,NA
"GDP_growth",0.215,0.351591482477541,NA,NA
"GDP_growth",0.22,0.353267185618951,0.0744325810307127,0.60057127348358
"GDP_growth",0.225,0.354851561473872,0.0768664876436091,0.601631162830895
"GDP_growth",0.23,0.356350054192912,0.0797980799077842,0.602612062306387
"GDP_growth",0.235,0.357767702478123,NA,NA
"GDP_growth",0.24,0.359109176466533,NA,NA
"GDP_growth",0.245,0.360378810703885,NA,NA
"GDP_growth",0.25,0.36158063367149,0.0862255232564223,0.605410920314791
"GDP_growth",0.255,0.362718394269681,0.0874396155989658,0.606345046910282
"GDP_growth",0.26,0.363795585610097,0.0879466238115285,0.607206401743799
"GDP_growth",0.265,0.364815466424616,0.0891593713900011,0.608047183764581
"GDP_growth",0.27,0.365781080360362,0.089227553403585,0.608812842925283
"GDP_growth",0.275,0.366695273396919,0.089293964756389,0.60933146843407
"GDP_growth",0.28,0.367560709592986,0.089358595402083,0.609618175383576
"GDP_growth",0.285,0.368379885344618,NA,NA
"GDP_growth",0.29,0.369155142315367,NA,NA
"GDP_growth",0.295,0.369888679179585,NA,NA
"GDP_growth",0.3,0.370582562303609,0.091894120080756,0.610982761219102
"GDP_growth",0.305,0.371238735474999,0.0929610620534523,0.611264415834593
"GDP_growth",0.31,0.371859028777396,0.093958477603065,0.611531069835263
"GDP_growth",0.315,0.372445166697394,0.0948896997054541,0.612079888263672
"GDP_growth",0.32,0.372998775540163,0.0957770188982702,0.612680422065274
"GDP_growth",0.325,0.373521390221966,0.0966133395993373,0.613256928826621
"GDP_growth",0.33,0.374014460500224,0.0973913711039535,0.61381501417709
"GDP_growth",0.335,0.374479356695177,0.0985428285974079,0.614098870564276
"GDP_growth",0.34,0.374917374951358,0.0996522498121616,0.61406851304988
"GDP_growth",0.345,0.375329742081951,NA,NA
"GDP_growth",0.35,0.375717620034582,NA,NA
"GDP_growth",0.355,0.376082110013045,NA,NA
"GDP_growth",0.36,0.376424256285941,NA,NA
"GDP_growth",0.365,0.376745049710021,0.101278477500187,0.61439325335923
"GDP_growth",0.37,0.377045430993246,0.10165401846065,0.614563214654391
"GDP_growth",0.375,0.377326293720075,0.101905591787729,0.614657765502675
"GDP_growth",0.38,0.377588487159274,0.101946954160051,0.61474483513654
"GDP_growth",0.385,0.377832818872573,0.101968049868922,0.615020645610323
"GDP_growth",0.39,0.378060057140725,0.101969894386151,0.615153921653799
"GDP_growth",0.395,0.378270933221956,0.101953451630997,0.615274101076916
"GDP_growth",0.4,0.378466143456383,0.101919636900958,0.615381792806551
"Gini",0.01,0.0462470357875097,-0.307910146049046,0.332424521953858
"Gini",0.015,0.0247706112972976,-0.327557179917606,0.34277736719505
"Gini",0.02,0.0180952090437036,-0.328648149334811,0.361742518250367
"Gini",0.025,0.0167316774975518,-0.332285198089357,0.380935179451047
"Gini",0.03,0.0179437220179358,-0.329741639165248,0.399548728982892
"Gini",0.035,0.0205520885723323,-0.331760055843455,0.418644695735953
"Gini",0.04,0.0239295515150673,-0.331574831986978,0.438093362080151
"Gini",0.045,0.0277053141252649,NA,NA
"Gini",0.05,0.0316491895682876,-0.317213800768528,0.481636565558719
"Gini",0.055,0.0356157597072041,-0.31911435229443,0.497692148363876
"Gini",0.06,0.0395134158573047,NA,NA
"Gini",0.065,0.0432856480479398,-0.318684130167504,0.515604386013146
"Gini",0.07,0.0468991477692036,NA,NA
"Gini",0.075,0.0503360149276071,-0.311265116543329,0.526607624746321
"Gini",0.08,0.0535885619813879,-0.310561518173541,0.530131595048823
"Gini",0.085,0.0566558123746567,NA,NA
"Gini",0.09,0.0595411259136921,-0.315097721051164,0.54045375954717
"Gini",0.095,0.062250583530119,-0.316570167278318,0.539467476849785
"Gini",0.1,0.0647918884722172,NA,NA
"Gini",0.105,0.0671736210508331,-0.317129673615052,0.542771650249584
"Gini",0.11,0.0694047366047811,-0.31643280874458,0.541514795366258
"Gini",0.115,0.0714942313241343,NA,NA
"Gini",0.12,0.0734509241109183,-0.312403550520419,0.539446314257219
"Gini",0.125,0.0752833186454565,-0.312426995003839,0.539415290140338
"Gini",0.13,0.0769995207687524,-0.311274367798331,0.541042831840174
"Gini",0.135,0.0786071938294136,-0.310112462851532,0.542421564219373
"Gini",0.14,0.0801135398671701,-0.309793589550278,0.542853760017043
"Gini",0.145,0.0815252981435085,NA,NA
"Gini",0.15,0.0828487550757778,NA,NA
"Gini",0.155,0.0840897614194363,-0.306892024189484,0.542630154522151
"Gini",0.16,0.0852537538032114,-0.304931474750313,0.543734055991229
"Gini",0.165,0.0863457786120154,-0.305901000960832,0.542598500958019
"Gini",0.17,0.0873705168421136,-0.306738442588519,0.543414439626127
"Gini",0.175,0.0883323089986364,NA,NA
"Gini",0.18,0.0892351794206563,NA,NA
"Gini",0.185,0.0900828596413875,NA,NA
"Gini",0.19,0.0908788105472436,-0.30548050614502,0.546838248710926
"Gini",0.195,0.0916262432085031,-0.304553715750445,0.546897256498505
"Gini",0.2,0.0923281383295714,-0.3030639902097,0.547213534233836
"Gini",0.205,0.0929872643180303,NA,NA
"Gini",0.21,0.0936061940056679,NA,NA
"Gini",0.215,0.0941873200765022,NA,NA
"Gini",0.22,0.0947328692699623,-0.299723963028906,0.544931513347113
"Gini",0.225,0.0952449154345172,-0.299594297242871,0.545257302692984
"Gini",0.23,0.0957253915099185,-0.299543616928627,0.543500987106648
"Gini",0.235,0.0961761005162444,NA,NA
"Gini",0.24,0.0965987256260068,NA,NA
"Gini",0.245,0.0969948393924517,NA,NA
"Gini",0.25,0.0973659122032449,-0.298162043370908,0.54099740308842
"Gini",0.255,0.0977133200244584,-0.298260141716925,0.541471931801142
"Gini",0.26,0.0980383514952597,-0.298185427790528,0.541641765596693
"Gini",0.265,0.0983422144292402,-0.297478683927789,0.541314347522302
"Gini",0.27,0.0986260417739426,-0.298046085697762,0.540724483301548
"Gini",0.275,0.0988908970759425,-0.298062439296404,0.540124389555778
"Gini",0.28,0.0991377794948823,-0.29789935426893,0.539515281837956
"Gini",0.285,0.0993676284061281,NA,NA
"Gini",0.29,0.0995813276282583,NA,NA
"Gini",0.295,0.0997797093083888,NA,NA
"Gini",0.3,0.0999635574953988,-0.2965775530875,0.538734364175761
"Gini",0.305,0.100133611428398,-0.296279489553224,0.538731129430236
"Gini",0.31,0.100290568565318,-0.295955582909039,0.538613953823892
"Gini",0.315,0.100435087374242,-0.295667791108222,0.538395608628811
"Gini",0.32,0.100567789908014,-0.295414332300693,0.53815400679745
"Gini",0.325,0.100689264180826,-0.295193512100102,0.537890883923953
"Gini",0.33,0.100800066363739,-0.295003718993832,0.537607849112143
"Gini",0.335,0.10090072281458,-0.294900059598412,0.537306395256492
"Gini",0.34,0.100991731956229,-0.29541836844214,0.536987908382021
"Gini",0.345,0.101073566016054,NA,NA
"Gini",0.35,0.101146672638088,NA,NA
"Gini",0.355,0.101211476378498,NA,NA
"Gini",0.36,0.101268380093938,NA,NA
"Gini",0.365,0.10131776623155,-0.295638892587661,0.536243730112694
"Gini",0.37,0.101359998028558,-0.295017464796282,0.53639882320509
"Gini",0.375,0.101395420628711,-0.294947293874625,0.536550227611749
"Gini",0.38,0.101424362122207,-0.29449788501277,0.536698059335917
"Gini",0.385,0.101447134515128,-0.294556264819117,0.536842427257066
"Gini",0.39,0.101464034633887,-0.294425869946208,0.536812252988166
"Gini",0.395,0.101475344969736,-0.294120380581936,0.53663259205576
"Gini",0.4,0.101481334467928,-0.293815772715699,0.536447725126648
"Inflation",0.01,-0.672880115646996,-0.877206926862809,-0.507420551113357
"Inflation",0.015,-0.749799865149558,-0.885354648009468,-0.594834757739865
"Inflation",0.02,-0.770140554237655,-0.889081142353853,-0.610300006519931
"Inflation",0.025,-0.768919979519341,-0.89184174291895,-0.59292824303626
"Inflation",0.03,-0.756607553833274,-0.892091558513707,-0.565377753458339
"Inflation",0.035,-0.738173108738238,-0.885800128757673,-0.527119635809053
"Inflation",0.04,-0.716469013152131,-0.878586595115428,-0.481329957352487
"Inflation",0.045,-0.693255333256298,NA,NA
"Inflation",0.05,-0.669641671554925,-0.859313967242325,-0.396169942378321
"Inflation",0.055,-0.646324718288131,-0.846713247920628,-0.353662808640306
"Inflation",0.06,-0.62373203459288,NA,NA
"Inflation",0.065,-0.602114168253996,-0.825465206407978,-0.271847687387702
"Inflation",0.07,-0.58160522525505,NA,NA
"Inflation",0.075,-0.562263172312353,-0.809514243327465,-0.199465450940848
"Inflation",0.08,-0.544096791929721,-0.802839756586363,-0.170643048909622
"Inflation",0.085,-0.52708374071423,NA,NA
"Inflation",0.09,-0.511182638603681,-0.786654531871601,-0.114088394848323
"Inflation",0.095,-0.496341137251866,-0.779881909486359,-0.092003006173176
"Inflation",0.1,-0.482501272816689,NA,NA
"Inflation",0.105,-0.469602981708867,-0.766995857022609,-0.0508314589614958
"Inflation",0.11,-0.457586372898065,-0.761099574957384,-0.0368009613903165
"Inflation",0.115,-0.446393159167174,NA,NA
"Inflation",0.12,-0.435967520879833,-0.750581341331185,-0.0106190058266001
"Inflation",0.125,-0.426256588689235,-0.746785190438893,0.00159874488624314
"Inflation",0.13,-0.417210672452201,-0.743708896170863,0.0132555972350932
"Inflation",0.135,-0.408783323294376,-0.738548671117721,0.023605075145783
"Inflation",0.14,-0.400931288203684,-0.733293023308043,0.0364693347082482
"Inflation",0.145,-0.39361439762172,NA,NA
"Inflation",0.15,-0.386795413503691,NA,NA
"Inflation",0.155,-0.38043985636488,-0.72379627865814,0.065862697299496
"Inflation",0.16,-0.374515823660893,-0.721594565071441,0.0723979638039223
"Inflation",0.165,-0.368993807596834,-0.71956357271809,0.0783989886124991
"Inflation",0.17,-0.363846517535903,-0.717684664238999,0.0837615180457203
"Inflation",0.175,-0.359048710173434,NA,NA
"Inflation",0.18,-0.354577029277088,NA,NA
"Inflation",0.185,-0.3504098558727,NA,NA
"Inflation",0.19,-0.346527169142596,-0.711000263526203,0.101921678362405
"Inflation",0.195,-0.342910417904441,-0.708077534479677,0.105565214704787
"Inflation",0.2,-0.33954240228785,-0.705311967633403,0.108918957449306
"Inflation",0.205,-0.33640716507672,NA,NA
"Inflation",0.21,-0.333489892105343,NA,NA
"Inflation",0.215,-0.330776821062935,NA,NA
"Inflation",0.22,-0.328255158058761,-0.697260432624188,0.120121083181672
"Inflation",0.225,-0.325913001317181,-0.69606769277122,0.122323520922932
"Inflation",0.23,-0.323739271401391,-0.694959507163046,0.124284391265936
"Inflation",0.235,-0.321723647400859,NA,NA
"Inflation",0.24,-0.319856508557126,NA,NA
"Inflation",0.245,-0.318128880843162,NA,NA
"Inflation",0.25,-0.316532388051473,-0.69211595438164,0.130668903289711
"Inflation",0.255,-0.315059206984523,-0.691656197898839,0.132245487911261
"Inflation",0.26,-0.313702026377232,-0.690601689120093,0.133970648298405
"Inflation",0.265,-0.312454009215113,-0.689590418577841,0.135427093280047
"Inflation",0.27,-0.311308758142724,-0.689277351140447,0.136401980607126
"Inflation",0.275,-0.310260283685709,-0.689135432315981,0.137264267549326
"Inflation",0.28,-0.309302975035779,-0.688913546869541,0.138021518359948
"Inflation",0.285,-0.308431573171667,NA,NA
"Inflation",0.29,-0.307641146110576,NA,NA
"Inflation",0.295,-0.306927066104053,NA,NA
"Inflation",0.3,-0.306284988609767,-0.689181908399389,0.143133393383625
"Inflation",0.305,-0.305710832886499,-0.689318062966983,0.143793796635767
"Inflation",0.31,-0.305200764073889,-0.689477843063223,0.144191587133323
"Inflation",0.315,-0.304751176631393,-0.689656510521968,0.144329738202447
"Inflation",0.32,-0.304358679022443,-0.689853519368111,0.144343927583308
"Inflation",0.325,-0.304020079540276,-0.68995212160656,0.144280004721981
"Inflation",0.33,-0.303732373181321,-0.689944985968619,0.144185534585369
"Inflation",0.335,-0.303492729480498,-0.689964842894842,0.144062600338982
"Inflation",0.34,-0.3032984812305,-0.690008797101945,0.143913145928805
"Inflation",0.345,-0.303147114013993,NA,NA
"Inflation",0.35,-0.303036256483992,NA,NA
"Inflation",0.355,-0.302963671333268,NA,NA
"Inflation",0.36,-0.302927246898813,NA,NA
"Inflation",0.365,-0.302924989351998,-0.690539754321985,0.143328301191392
"Inflation",0.37,-0.302955015429267,-0.690701573649725,0.142872679077857
"Inflation",0.375,-0.303015545662048,-0.690875300460022,0.14226281569486
"Inflation",0.38,-0.303104898067995,-0.691063384980592,0.141957494824114
"Inflation",0.385,-0.30322148226884,-0.691266037735438,0.141638326486327
"Inflation",0.39,-0.303363794003007,-0.691442869463954,0.141306308344795
"Inflation",0.395,-0.303530410003701,-0.69147238136833,0.14096237560001
"Inflation",0.4,-0.303719983215635,-0.691524576660712,0.140607405166361
"Tertiary_attain",0.01,-0.0370231842761011,-0.336771682689938,0.28609737787908
"Tertiary_attain",0.015,-0.0225548474062138,-0.378343433489105,0.338038430651304
"Tertiary_attain",0.02,-0.0218747414203818,-0.42395847989217,0.369734633250449
"Tertiary_attain",0.025,-0.029525397976838,-0.460005338461396,0.389965398515809
"Tertiary_attain",0.03,-0.0414387219992762,-0.49341496429028,0.399517751315876
"Tertiary_attain",0.035,-0.0552690533773199,-0.515018561385042,0.409478658516115
"Tertiary_attain",0.04,-0.069688268609709,-0.536352688287467,0.411761086263586
"Tertiary_attain",0.045,-0.0839543440557524,NA,NA
"Tertiary_attain",0.05,-0.0976666719803337,-0.559281456875934,0.404144937725904
"Tertiary_attain",0.055,-0.110624935196299,-0.567773019001207,0.399056255508552
"Tertiary_attain",0.06,-0.12274608369121,NA,NA
"Tertiary_attain",0.065,-0.134014842268105,-0.579567588623227,0.384857893347135
"Tertiary_attain",0.07,-0.144454003111768,NA,NA
"Tertiary_attain",0.075,-0.154106571727683,-0.591109162026609,0.365761671379632
"Tertiary_attain",0.08,-0.163025086504477,-0.595016574904143,0.358227582177993
"Tertiary_attain",0.085,-0.171265307124999,NA,NA
"Tertiary_attain",0.09,-0.178882571652706,-0.604494245980196,0.344001783507438
"Tertiary_attain",0.095,-0.185929782999258,-0.609465124228907,0.335470564760752
"Tertiary_attain",0.1,-0.192456385530874,NA,NA
"Tertiary_attain",0.105,-0.198507937002883,-0.613843168394249,0.315929542748948
"Tertiary_attain",0.11,-0.204126031507582,-0.615299513648781,0.309532871735803
"Tertiary_attain",0.115,-0.209348422362445,NA,NA
"Tertiary_attain",0.12,-0.214209251919246,-0.612599143755966,0.295842120656886
"Tertiary_attain",0.125,-0.21873933154183,-0.61330055043691,0.288792518061861
"Tertiary_attain",0.13,-0.222966437692544,-0.615452026881262,0.282703889082544
"Tertiary_attain",0.135,-0.226915604255117,-0.617988930002583,0.278516683193924
"Tertiary_attain",0.14,-0.230609400058943,-0.619353047304679,0.271026669006927
"Tertiary_attain",0.145,-0.234068186030418,NA,NA
"Tertiary_attain",0.15,-0.237310349724195,NA,NA
"Tertiary_attain",0.155,-0.240352516967303,-0.619479529825875,0.252014889984534
"Tertiary_attain",0.16,-0.24320974148145,-0.618464303722191,0.246596201035085
"Tertiary_attain",0.165,-0.245895673951479,-0.61975788796262,0.241860534815599
"Tertiary_attain",0.17,-0.248422712283498,-0.619730119603762,0.236908124100754
"Tertiary_attain",0.175,-0.250802134873993,NA,NA
"Tertiary_attain",0.18,-0.253044218672982,NA,NA
"Tertiary_attain",0.185,-0.255158343722008,NA,NA
"Tertiary_attain",0.19,-0.257153085713626,-0.620687331005238,0.22007147726496
"Tertiary_attain",0.195,-0.25903629797295,-0.621338565483093,0.216379616464971
"Tertiary_attain",0.2,-0.260815184115628,-0.622282750388586,0.212868147665576
"Tertiary_attain",0.205,-0.262496362496993,NA,NA
"Tertiary_attain",0.21,-0.264085923437771,NA,NA
"Tertiary_attain",0.215,-0.265589480094042,NA,NA
"Tertiary_attain",0.22,-0.267012213733585,-0.624254400205812,0.202221421277546
"Tertiary_attain",0.225,-0.268358914086841,-0.62517906575619,0.200973595675301
"Tertiary_attain",0.23,-0.269634015357853,-0.624953285523789,0.199525979771884
"Tertiary_attain",0.235,-0.270841628407658,NA,NA
"Tertiary_attain",0.24,-0.271985569558724,NA,NA
"Tertiary_attain",0.245,-0.273069386413236,NA,NA
"Tertiary_attain",0.25,-0.274096381029291,-0.626033198530047,0.188941221834123
"Tertiary_attain",0.255,-0.275069630756568,-0.626355160468087,0.186303789293854
"Tertiary_attain",0.26,-0.275992006995982,-0.627003900747811,0.1832781983889
"Tertiary_attain",0.265,-0.276866192115577,-0.627621127020436,0.181913365321832
"Tertiary_attain",0.27,-0.27769469472671,-0.627939081515389,0.181370234410272
"Tertiary_attain",0.275,-0.278479863500078,-0.627986421171033,0.17972403826227
"Tertiary_attain",0.28,-0.279223899679682,-0.628009772319401,0.17808215119748
"Tertiary_attain",0.285,-0.279928868434113,NA,NA
"Tertiary_attain",0.29,-0.280596709168217,NA,NA
"Tertiary_attain",0.295,-0.281229244903869,NA,NA
"Tertiary_attain",0.3,-0.281828190826062,-0.628674900957119,0.17312309193224
"Tertiary_attain",0.305,-0.282395162079562,-0.628758824244708,0.172630629901486
"Tertiary_attain",0.31,-0.282931680891713,-0.628678831213149,0.172169655202131
"Tertiary_attain",0.315,-0.283439183088555,-0.628948402143211,0.171738678922987
"Tertiary_attain",0.32,-0.283919024063947,-0.629201926090627,0.171336275609546
"Tertiary_attain",0.325,-0.284372484254864,-0.629443085837342,0.170961081226823
"Tertiary_attain",0.33,-0.284800774170247,-0.629672381716049,0.170611791082722
"Tertiary_attain",0.335,-0.285205039015714,-0.62989028819849,0.169947538829316
"Tertiary_attain",0.34,-0.285586362951921,-0.630097255771373,0.169215230584644
"Tertiary_attain",0.345,-0.285945773020415,NA,NA
"Tertiary_attain",0.35,-0.286284242767269,NA,NA
"Tertiary_attain",0.355,-0.286602695591703,NA,NA
"Tertiary_attain",0.36,-0.286902007844094,NA,NA
"Tertiary_attain",0.365,-0.287183011695354,-0.630966131128113,0.163082744031444
"Tertiary_attain",0.37,-0.287446497797435,-0.631110007385988,0.161432947312834
"Tertiary_attain",0.375,-0.287693217752797,-0.631245518427091,0.159858327922367
"Tertiary_attain",0.38,-0.287923886408943,-0.631372979388881,0.158984080366625
"Tertiary_attain",0.385,-0.288139183992538,-0.631492691657955,0.158527454511844
"Tertiary_attain",0.39,-0.288339758096309,-0.631645238225228,0.158104808333813
"Tertiary_attain",0.395,-0.288526225530622,-0.632123625634503,0.157714659552193
"Tertiary_attain",0.4,-0.288699174050568,-0.632270887990117,0.157355593773547
"Tertiary_enrol",0.01,0.12757764791324,-0.215810311838476,0.411652033417199
"Tertiary_enrol",0.015,0.154632982119235,-0.238138563062845,0.47996351099701
"Tertiary_enrol",0.02,0.168642335911558,-0.259586247502008,0.512531032306283
"Tertiary_enrol",0.025,0.176080172836156,-0.276840645728977,0.532175758891821
"Tertiary_enrol",0.03,0.17961597301998,-0.291453902419383,0.538438144287888
"Tertiary_enrol",0.035,0.180732109448928,-0.30279217773658,0.543699777679482
"Tertiary_enrol",0.04,0.180345557570474,-0.31591259146461,0.554588780502958
"Tertiary_enrol",0.045,0.179047966125125,NA,NA
"Tertiary_enrol",0.05,0.17722707783705,-0.330925641348376,0.551236506552727
"Tertiary_enrol",0.055,0.175137766602643,-0.336081055818075,0.552776040830889
"Tertiary_enrol",0.06,0.172946744707596,NA,NA
"Tertiary_enrol",0.065,0.170761721879785,-0.351863557483774,0.557257495375756
"Tertiary_enrol",0.07,0.168650770491181,NA,NA
"Tertiary_enrol",0.075,0.166655315773372,-0.359138190071073,0.555533887409501
"Tertiary_enrol",0.08,0.164798904143789,-0.362429678870133,0.55534756830273
"Tertiary_enrol",0.085,0.163093147115964,NA,NA
"Tertiary_enrol",0.09,0.161541762602855,-0.371526883011212,0.556358992687511
"Tertiary_enrol",0.095,0.160143327594818,-0.375935355846352,0.556719270387878
"Tertiary_enrol",0.1,0.15889315399237,NA,NA
"Tertiary_enrol",0.105,0.157784565347397,-0.379216190171304,0.555214606503824
"Tertiary_enrol",0.11,0.156809762842912,-0.382382392533632,0.554192076395122
"Tertiary_enrol",0.115,0.155960408840788,NA,NA
"Tertiary_enrol",0.12,0.155228015853696,-0.384268620484656,0.552026352324706
"Tertiary_enrol",0.125,0.154604201353473,-0.386209148717793,0.550502806377929
"Tertiary_enrol",0.13,0.154080850122672,-0.386374928970838,0.54921803829244
"Tertiary_enrol",0.135,0.153650213042066,-0.387057168405833,0.549988873805008
"Tertiary_enrol",0.14,0.15330496238588,-0.388631524372047,0.550724143892568
"Tertiary_enrol",0.145,0.153038217596359,NA,NA
"Tertiary_enrol",0.15,0.152843551272704,NA,NA
"Tertiary_enrol",0.155,0.152714982156013,-0.394984351207713,0.554725915630368
"Tertiary_enrol",0.16,0.152646959826227,-0.39606821297219,0.555331704933489
"Tertiary_enrol",0.165,0.152634344378639,-0.39520365651172,0.555928228234255
"Tertiary_enrol",0.17,0.152672383329948,-0.396297427627851,0.555046181774016
"Tertiary_enrol",0.175,0.152756687288239,NA,NA
"Tertiary_enrol",0.18,0.152883205418161,NA,NA
"Tertiary_enrol",0.185,0.153048201379234,NA,NA
"Tertiary_enrol",0.19,0.153248230167897,-0.400382205877231,0.556998159699482
"Tertiary_enrol",0.195,0.153480116121569,-0.401759737537111,0.5594235725941
"Tertiary_enrol",0.2,0.153740932223938,-0.403271413970791,0.560024419913433
"Tertiary_enrol",0.205,0.154027980769248,NA,NA
"Tertiary_enrol",0.21,0.154338775388673,NA,NA
"Tertiary_enrol",0.215,0.154671024406041,NA,NA
"Tertiary_enrol",0.22,0.15502261546753,-0.404408043591588,0.561061238244619
"Tertiary_enrol",0.225,0.155391601376699,-0.404873374143099,0.56125374205566
"Tertiary_enrol",0.23,0.155776187059247,-0.40530671959832,0.561451330522713
"Tertiary_enrol",0.235,0.156174717579428,NA,NA
"Tertiary_enrol",0.24,0.156585667130397,NA,NA
"Tertiary_enrol",0.245,0.157007628923133,NA,NA
"Tertiary_enrol",0.25,0.157439305902046,-0.404297810026423,0.564402704206079
"Tertiary_enrol",0.255,0.157879502219605,-0.404290922334438,0.565422283129166
"Tertiary_enrol",0.26,0.158327115406796,-0.404251457917678,0.565629912888297
"Tertiary_enrol",0.265,0.158781129180878,-0.404170415558089,0.565176694209295
"Tertiary_enrol",0.27,0.159240606836424,-0.404053728976587,0.564763031171605
"Tertiary_enrol",0.275,0.159704685170019,-0.403912298226205,0.56439685124627
"Tertiary_enrol",0.28,0.160172568893164,-0.403748231107955,0.564077368463925
"Tertiary_enrol",0.285,0.160643525491787,NA,NA
"Tertiary_enrol",0.29,0.161116880494427,NA,NA
"Tertiary_enrol",0.295,0.161592013114438,NA,NA
"Tertiary_enrol",0.3,0.162068352234669,-0.402943299498078,0.566778875633344
"Tertiary_enrol",0.305,0.162545372705848,-0.402685010999466,0.566694481293896
"Tertiary_enrol",0.31,0.16302259193246,-0.40241424787554,0.566625177099161
"Tertiary_enrol",0.315,0.163499566722258,-0.40195721933072,0.566644357743099
"Tertiary_enrol",0.32,0.163975890377617,-0.401187441153353,0.567236508842566
"Tertiary_enrol",0.325,0.164451190008914,-0.400441657168721,0.567804289611963
"Tertiary_enrol",0.33,0.164925124051823,-0.400056150902773,0.568348728287904
"Tertiary_enrol",0.335,0.165397379972022,-0.400380811148137,0.568870798891734
"Tertiary_enrol",0.34,0.165867672142224,-0.400645928579402,0.569371424814387
"Tertiary_enrol",0.345,0.16633573987777,NA,NA
"Tertiary_enrol",0.35,0.166801345618194,NA,NA
"Tertiary_enrol",0.355,0.167264273243231,NA,NA
"Tertiary_enrol",0.36,0.167724326512754,NA,NA
"Tertiary_enrol",0.365,0.168181327620961,-0.399047010084907,0.571002723928882
"Tertiary_enrol",0.37,0.168635115855989,-0.39871161356085,0.571296773836406
"Tertiary_enrol",0.375,0.169085546356834,-0.398372304777148,0.571594486403549
"Tertiary_enrol",0.38,0.169532488960137,-0.398029560868389,0.571895444009656
"Tertiary_enrol",0.385,0.169975827130002,-0.397683825637433,0.572199256495872
"Tertiary_enrol",0.39,0.170415456964579,-0.397335511942164,0.572505559426599
"Tertiary_enrol",0.395,0.17085128627362,-0.396985003892086,0.572814012465391
"Tertiary_enrol",0.4,0.17128323372173,-0.396632658871837,0.573124297857237
"Unemp",0.01,0.256031995161637,-0.224725629441721,0.510984995361018
"Unemp",0.015,0.256834240298411,-0.232705664062704,0.530955843229268
"Unemp",0.02,0.258618743248125,-0.255407826035536,0.543378340801107
"Unemp",0.025,0.259099911501636,-0.266730830241488,0.55098273014977
"Unemp",0.03,0.258380091137777,-0.269162664745237,0.557935192669041
"Unemp",0.035,0.256852294050156,-0.269940923761678,0.559954283920365
"Unemp",0.04,0.254859693913941,-0.274725409832804,0.556898819978388
"Unemp",0.045,0.252651305600038,NA,NA
"Unemp",0.05,0.250394760040203,-0.277501335215427,0.569452254584467
"Unemp",0.055,0.248197216623632,-0.276678511918693,0.569754134430136
"Unemp",0.06,0.2461235332748,NA,NA
"Unemp",0.065,0.244209949083683,-0.276062483269217,0.571186809393605
"Unemp",0.07,0.24247380612826,NA,NA
"Unemp",0.075,0.240920253536487,-0.270900956977184,0.572290963646639
"Unemp",0.08,0.239546787498639,-0.266565195602493,0.570067106261032
"Unemp",0.085,0.238346286061308,NA,NA
"Unemp",0.09,0.237309014717453,-0.258153773620615,0.56980998214355
"Unemp",0.095,0.236423935576001,-0.258073468282533,0.570012617846317
"Unemp",0.1,0.235679548624881,NA,NA
"Unemp",0.105,0.235064420416655,-0.260200690589572,0.572698561724827
"Unemp",0.11,0.234567505140942,-0.260306531678335,0.574251826822262
"Unemp",0.115,0.234178328761524,NA,NA
"Unemp",0.12,0.233887083691316,-0.259882029564655,0.571741222303807
"Unemp",0.125,0.233684665819518,-0.258664538541289,0.56966344428376
"Unemp",0.13,0.233562675151603,-0.25970517542461,0.567402058468089
"Unemp",0.135,0.233513394213045,-0.259829607606914,0.568129682960784
"Unemp",0.14,0.233529753578884,-0.261173814656884,0.568900051847386
"Unemp",0.145,0.233605290667224,NA,NA
"Unemp",0.15,0.233734105766673,NA,NA
"Unemp",0.155,0.233910817813025,-0.261369211584554,0.567594840762235
"Unemp",0.16,0.234130521458229,-0.259551705448519,0.56746340202853
"Unemp",0.165,0.234388746328886,-0.257840531606219,0.566423832775753
"Unemp",0.17,0.23468141894662,-0.256238061795802,0.569237814150211
"Unemp",0.175,0.235004827507011,NA,NA
"Unemp",0.18,0.235355589538799,NA,NA
"Unemp",0.185,0.235730622357603,NA,NA
"Unemp",0.19,0.236127116165945,-0.251888107013992,0.573753979137803
"Unemp",0.195,0.236542509618675,-0.249743322527597,0.574434849183335
"Unemp",0.2,0.236974467659433,-0.248705462084376,0.575090373425694
"Unemp",0.205,0.237420861432647,NA,NA
"Unemp",0.21,0.237879750081875,NA,NA
"Unemp",0.215,0.238349364256021,NA,NA
"Unemp",0.22,0.238828091157842,-0.250132438976916,0.577501529914895
"Unemp",0.225,0.239314460983003,-0.250798933655488,0.578071245043748
"Unemp",0.23,0.239807134611719,-0.25137928377348,0.578939470682916
"Unemp",0.235,0.240304892428381,NA,NA
"Unemp",0.24,0.240806624157004,NA,NA
"Unemp",0.245,0.241311319611919,NA,NA
"Unemp",0.25,0.241818060273606,-0.250410100716748,0.580318746625901
"Unemp",0.255,0.24232601160908,-0.249543840474789,0.580688104331565
"Unemp",0.26,0.242834416064781,-0.248731661998776,0.580455632813217
"Unemp",0.265,0.243342586667522,-0.247970762231383,0.580369645801117
"Unemp",0.27,0.24384990117587,-0.247258484747402,0.580569714092145
"Unemp",0.275,0.244355796730354,-0.246592312666495,0.58135706593293
"Unemp",0.28,0.244859764956272,-0.245969861690624,0.582908168708085
"Unemp",0.285,0.245361347477635,NA,NA
"Unemp",0.29,0.245860131804988,NA,NA
"Unemp",0.295,0.24635574756364,NA,NA
"Unemp",0.3,0.246847863032121,-0.243873850074452,0.58512285476752
"Unemp",0.305,0.247336181963675,-0.243438419161429,0.585482969013377
"Unemp",0.31,0.24782044066623,-0.243034825015634,0.58582684719505
"Unemp",0.315,0.248300405318636,-0.242661435456129,0.58615550263915
"Unemp",0.32,0.248775869503047,-0.242316703794481,0.586469861171521
"Unemp",0.325,0.249246651935209,-0.241999164152968,0.586770769992313
"Unemp",0.33,0.24971259437611,-0.241707427035685,0.587059005567826
"Unemp",0.335,0.250173559709913,-0.241440175142515,0.587376288661497
"Unemp",0.34,0.250629430174487,-0.241196159415282,0.587944580655478
"Unemp",0.345,0.251080105732043,NA,NA
"Unemp",0.35,0.251525502568489,NA,NA
"Unemp",0.355,0.2519655517111,NA,NA
"Unemp",0.36,0.252400197755001,NA,NA
"Unemp",0.365,0.252829397689774,-0.240285230128558,0.589862159050908
"Unemp",0.37,0.25325311981821,-0.24015777799755,0.590120453931848
"Unemp",0.375,0.253671342759936,-0.240046440997799,0.590375842049136
"Unemp",0.38,0.254084054533211,-0.239950397953587,0.590628356165988
"Unemp",0.385,0.254491251708761,-0.239868869028006,0.590878028786815
"Unemp",0.39,0.254892938630014,-0.239801113517311,0.591124892217174
"Unemp",0.395,0.255289126694566,-0.239746427770251,0.591368978607843
"Unemp",0.4,0.255679833692113,-0.239704143225015,0.591610319985818
"Youth_unemp",0.01,0.142865122038984,-0.26919482047679,0.412575795830156
"Youth_unemp",0.015,0.149234362333651,-0.27220967606419,0.451084554819261
"Youth_unemp",0.02,0.161482565071678,-0.269963763424772,0.479311226530074
"Youth_unemp",0.025,0.174000165408994,-0.264962597220038,0.507277826447716
"Youth_unemp",0.03,0.185568516341806,-0.259570321549488,0.5228985213326
"Youth_unemp",0.035,0.195920992668869,-0.255573664389726,0.538233678514906
"Youth_unemp",0.04,0.205074000160197,-0.242762454540869,0.54786302453814
"Youth_unemp",0.045,0.213135963796601,NA,NA
"Youth_unemp",0.05,0.220239429441358,-0.227177773101042,0.568716092514815
"Youth_unemp",0.055,0.226514641229802,-0.218612213308681,0.569493697012186
"Youth_unemp",0.06,0.232079584015431,NA,NA
"Youth_unemp",0.065,0.237037096727502,-0.206826735480376,0.572580420389804
"Youth_unemp",0.07,0.241475045904258,NA,NA
"Youth_unemp",0.075,0.245467730260653,-0.189484731933264,0.575103285211352
"Youth_unemp",0.08,0.249077666516383,-0.191381561946263,0.579753271388697
"Youth_unemp",0.085,0.252357371270447,NA,NA
"Youth_unemp",0.09,0.255350978725986,-0.182060742149712,0.582861018397607
"Youth_unemp",0.095,0.258095642356518,-0.177513137348517,0.582007204317415
"Youth_unemp",0.1,0.260622718826923,NA,NA
"Youth_unemp",0.105,0.262958753778171,-0.164235268217517,0.582136679780606
"Youth_unemp",0.11,0.265126296209645,-0.163940667215721,0.583685006455945
"Youth_unemp",0.115,0.267144568659318,NA,NA
"Youth_unemp",0.12,0.269030017988539,-0.153967343065868,0.584538627668097
"Youth_unemp",0.125,0.27079676820509,-0.151491783380343,0.585644297446313
"Youth_unemp",0.13,0.272456993296775,-0.147956124449034,0.585176176696685
"Youth_unemp",0.135,0.274021224884327,-0.144600088487255,0.585069286369911
"Youth_unemp",0.14,0.275498606771715,-0.143081258967665,0.584984761763355
"Youth_unemp",0.145,0.276897106188596,NA,NA
"Youth_unemp",0.15,0.278223689645938,NA,NA
"Youth_unemp",0.155,0.2794844698055,-0.139678940754853,0.585893762014523
"Youth_unemp",0.16,0.280684828538276,-0.137004608552602,0.588144801658579
"Youth_unemp",0.165,0.281829520362491,-0.135754408445368,0.588264317364172
"Youth_unemp",0.17,0.282922759661972,-0.132649707342533,0.589527950248038
"Youth_unemp",0.175,0.283968294452128,NA,NA
"Youth_unemp",0.18,0.284969468951942,NA,NA
"Youth_unemp",0.185,0.285929276810933,NA,NA
"Youth_unemp",0.19,0.286850406509863,-0.124060033843992,0.591146871544536
"Youth_unemp",0.195,0.287735280186913,-0.12237967444448,0.591317614401101
"Youth_unemp",0.2,0.288586086924412,-0.12080311012108,0.591248040022254
"Youth_unemp",0.205,0.28940481135493,NA,NA
"Youth_unemp",0.21,0.290193258301577,NA,NA
"Youth_unemp",0.215,0.290953074049451,NA,NA
"Youth_unemp",0.22,0.291685764748226,-0.120762948502678,0.592042238281211
"Youth_unemp",0.225,0.292392712365901,-0.120316457395002,0.59323304057768
"Youth_unemp",0.23,0.293075188547583,-0.119862256901289,0.593506904883425
"Youth_unemp",0.235,0.293734366678202,NA,NA
"Youth_unemp",0.24,0.294371332402335,NA,NA
"Youth_unemp",0.245,0.294987092816057,NA,NA
"Youth_unemp",0.25,0.295582584513697,-0.115522769708631,0.594485074671572
"Youth_unemp",0.255,0.296158680645485,-0.114369763123414,0.594735519126847
"Youth_unemp",0.26,0.296716197119374,-0.113282287188711,0.594983308026329
"Youth_unemp",0.265,0.297255898061144,-0.112257140796895,0.59587366475893
"Youth_unemp",0.27,0.297778500630717,-0.11136289433508,0.596538290491859
"Youth_unemp",0.275,0.298284679278781,-0.111054168120416,0.59619299907174
"Youth_unemp",0.28,0.298775069516142,-0.110756405117641,0.596574667753439
"Youth_unemp",0.285,0.299250271258237,NA,NA
"Youth_unemp",0.29,0.299710851798676,NA,NA
"Youth_unemp",0.295,0.300157348458428,NA,NA
"Youth_unemp",0.3,0.300590270950975,-0.109667401628675,0.598492675078385
"Youth_unemp",0.305,0.301010103498406,-0.109418906715646,0.598932773103666
"Youth_unemp",0.31,0.301417306728793,-0.10917926307676,0.599358280659735
"Youth_unemp",0.315,0.301812319381234,-0.108948168770261,0.599765753015843
"Youth_unemp",0.32,0.302195559841484,-0.108725334269721,0.600159070442118
"Youth_unemp",0.325,0.30256742752818,-0.108510481848692,0.600539497830893
"Youth_unemp",0.33,0.302928304147068,-0.108303345000574,0.600907486590604
"Youth_unemp",0.335,0.303278554828441,-0.108103667891459,0.601263467239381
"Youth_unemp",0.34,0.303618529161094,-0.107911204843822,0.60160785086499
"Youth_unemp",0.345,0.303948562134399,NA,NA
"Youth_unemp",0.35,0.30426897499871,NA,NA
"Youth_unemp",0.355,0.304580076052993,NA,NA
"Youth_unemp",0.36,0.304882161367548,NA,NA
"Youth_unemp",0.365,0.305175515448685,-0.107049153566483,0.603182164229793
"Youth_unemp",0.37,0.305460411851419,-0.106895326282972,0.603487005894749
"Youth_unemp",0.375,0.305737113745521,-0.106747239968087,0.603812747872244
"Youth_unemp",0.38,0.306005874439619,-0.106604714727599,0.604138758466684
"Youth_unemp",0.385,0.306266937867516,-0.106467577284988,0.604464657621759
"Youth_unemp",0.39,0.306520539040379,-0.106335660686081,0.604793471573422
"Youth_unemp",0.395,0.306766904468065,-0.106208804019156,0.60512483743184
"Youth_unemp",0.4,0.307006252552453,-0.106086852149605,0.605486725472783
"log_cons",0.01,0.598677288284584,0.479036057076616,0.782724083952568
"log_cons",0.015,0.681407418340073,0.531443673234932,0.822218268528126
"log_cons",0.02,0.699300980482039,0.529207423699064,0.838744805601867
"log_cons",0.025,0.689971183652334,0.502257753129979,0.842500620594265
"log_cons",0.03,0.666914778881175,0.459789756910185,0.831902425820822
"log_cons",0.035,0.636813540811648,0.410695743522769,0.816809248061245
"log_cons",0.04,0.603430459838354,0.361701138606661,0.802253181866363
"log_cons",0.045,0.568992102246005,NA,NA
"log_cons",0.05,0.534829146257288,0.267668472970386,0.765787624414891
"log_cons",0.055,0.50172376618608,0.223970363552183,0.748347334373486
"log_cons",0.06,0.470115018540974,NA,NA
"log_cons",0.065,0.440225899634825,0.144443532205978,0.71360438100507
"log_cons",0.07,0.412143813624074,NA,NA
"log_cons",0.075,0.385872148740033,0.0820044764651827,0.680432020508692
"log_cons",0.08,0.361363515356432,0.0506047398275442,0.662527102177339
"log_cons",0.085,0.33854118592507,NA,NA
"log_cons",0.09,0.317312881136589,-0.00106834216873128,0.630921593849214
"log_cons",0.095,0.297579565084887,-0.0220752533009041,0.617648566391882
"log_cons",0.1,0.279240976328057,NA,NA
"log_cons",0.105,0.262199022472086,-0.0668722260047431,0.590451508431725
"log_cons",0.11,0.246359778471218,-0.0876398879222495,0.577492811643876
"log_cons",0.115,0.231634576474119,NA,NA
"log_cons",0.12,0.217940509626837,-0.119357018251462,0.554679581403143
"log_cons",0.125,0.20520056322899,-0.133243072713445,0.544396102230499
"log_cons",0.13,0.193343514459947,-0.14285980340232,0.537255633555197
"log_cons",0.135,0.182303693913905,-0.153261172295957,0.528259473687653
"log_cons",0.14,0.172020670194372,-0.16567461291862,0.518857548637208
"log_cons",0.145,0.16243889744805,NA,NA
"log_cons",0.15,0.153507351430452,NA,NA
"log_cons",0.155,0.145179170151251,-0.194567743898222,0.496238227842216
"log_cons",0.16,0.137411308790215,-0.203267941841466,0.491356242339683
"log_cons",0.165,0.130164214363673,-0.210782736991389,0.485399583294661
"log_cons",0.17,0.12340152285827,-0.218718766309556,0.480442540731658
"log_cons",0.175,0.117089779761689,NA,NA
"log_cons",0.18,0.111198183790629,NA,NA
"log_cons",0.185,0.105698352928126,NA,NA
"log_cons",0.19,0.100564111488519,-0.239994760735778,0.462863171056127
"log_cons",0.195,0.0957712967290179,-0.243913254751608,0.460964700518649
"log_cons",0.2,0.0912975834540873,-0.247866838950739,0.459226044849092
"log_cons",0.205,0.0871223250666217,NA,NA
"log_cons",0.21,0.0832264095770775,NA,NA
"log_cons",0.215,0.0795921291674279,NA,NA
"log_cons",0.22,0.07620306200722,-0.262511732621347,0.447892925129938
"log_cons",0.225,0.0730439651249726,-0.265583120930834,0.444925996529574
"log_cons",0.23,0.0701006772439286,-0.269339587915065,0.442172804843483
"log_cons",0.235,0.0673600305931312,NA,NA
"log_cons",0.24,0.0648097708008934,NA,NA
"log_cons",0.245,0.0624384840668328,NA,NA
"log_cons",0.25,0.0602355308903781,-0.280384977598749,0.432611352388534
"log_cons",0.255,0.05819098570799,-0.282918043494447,0.430607868309442
"log_cons",0.26,0.0562955818585333,-0.284489590154753,0.429280409865126
"log_cons",0.265,0.0545406613567201,-0.285486615322809,0.428631682906267
"log_cons",0.27,0.052918129008783,-0.287688425334507,0.428078847822054
"log_cons",0.275,0.0514204104530957,-0.289683479111442,0.42761591285531
"log_cons",0.28,0.0500404137518141,-0.291063762839387,0.427237247244802
"log_cons",0.285,0.0487714941983143,NA,NA
"log_cons",0.29,0.0476074220397094,NA,NA
"log_cons",0.295,0.0465423528444942,NA,NA
"log_cons",0.3,0.0455708002727727,-0.296657616310416,0.426449021689114
"log_cons",0.305,0.0446876110309833,-0.297394818735264,0.426401558286737
"log_cons",0.31,0.0438879418148205,-0.298048702359248,0.425730480689592
"log_cons",0.315,0.0431672380635207,-0.298624141290324,0.425068277196932
"log_cons",0.32,0.0425212143660258,-0.299188299979775,0.424477179771149
"log_cons",0.325,0.0419458363750821,-0.299901072189755,0.423932816291525
"log_cons",0.33,0.0414373040991873,-0.30055807139903,0.423443218397366
"log_cons",0.335,0.0409920364547231,-0.301162191587831,0.423510142330529
"log_cons",0.34,0.0406066569717476,-0.301716156850822,0.423349129441426
"log_cons",0.345,0.0402779805568822,NA,NA
"log_cons",0.35,0.0400030012256915,NA,NA
"log_cons",0.355,0.0397788807249972,NA,NA
"log_cons",0.36,0.0396029379728035,NA,NA
"log_cons",0.365,0.0394726392500205,-0.303752667366437,0.423917121275717
"log_cons",0.37,0.0393855890840512,-0.30404001518923,0.424181343175171
"log_cons",0.375,0.0393395217695953,-0.304292919444493,0.424450038527881
"log_cons",0.38,0.0393322934768074,-0.304513074769619,0.424732035203846
"log_cons",0.385,0.0393618749012734,-0.304702084777201,0.42502643823791
"log_cons",0.39,0.0394263444141775,-0.304861467715141,0.425152458426711
"log_cons",0.395,0.0395238816745691,-0.304992661720711,0.425027799621311
"log_cons",0.4,0.0396527616688644,-0.304834864471111,0.424925156528567
"log_gdp",0.01,0.468077873542455,0.287319922766832,0.73881217358443
"log_gdp",0.015,0.531096773782427,0.294425779965671,0.765969265710682
"log_gdp",0.02,0.537346203388212,0.273357900687859,0.771736720131165
"log_gdp",0.025,0.521745114329588,0.232556134001115,0.767664845366529
"log_gdp",0.03,0.495966471025535,0.193803531423454,0.74513577885343
"log_gdp",0.035,0.465461583321055,0.155366182830962,0.72266477439017
"log_gdp",0.04,0.433160921885562,0.118030237918716,0.699158083507998
"log_gdp",0.045,0.400726975507283,NA,NA
"log_gdp",0.05,0.369108991949138,0.0437357086824789,0.646293035271788
"log_gdp",0.055,0.338832520433553,0.0135323920189893,0.619995727610042
"log_gdp",0.06,0.310165399195418,NA,NA
"log_gdp",0.065,0.283217860895385,-0.0418349252024119,0.573636781968473
"log_gdp",0.07,0.258004530057987,NA,NA
"log_gdp",0.075,0.234483326424766,-0.0927771000941556,0.525818961605876
"log_gdp",0.08,0.212579996931561,-0.115420922945637,0.505655260431891
"log_gdp",0.085,0.192203565890008,NA,NA
"log_gdp",0.09,0.173255994169596,-0.149009558301984,0.466142280008248
"log_gdp",0.095,0.155638127566916,-0.164737320375472,0.449096155714807
"log_gdp",0.1,0.139253263226031,NA,NA
"log_gdp",0.105,0.124009189248869,-0.194461394145004,0.415669811227187
"log_gdp",0.11,0.109819250609732,-0.209091599996483,0.401309387641522
"log_gdp",0.115,0.096602800315895,NA,NA
"log_gdp",0.12,0.0842852690931965,-0.233086375451743,0.375402652995214
"log_gdp",0.125,0.0727980051139078,-0.24262867318142,0.363121995592276
"log_gdp",0.13,0.0620779818618995,-0.251763609085359,0.351212702882607
"log_gdp",0.135,0.0520674372178645,-0.265401907441286,0.339444288683992
"log_gdp",0.14,0.0427134838609127,-0.271865852389001,0.329350579751625
"log_gdp",0.145,0.0339677159896165,NA,NA
"log_gdp",0.15,0.0257858274737531,NA,NA
"log_gdp",0.155,0.0181272500941162,-0.3000657903294,0.304619689818677
"log_gdp",0.16,0.0109548163509741,-0.308064336884163,0.297954271190348
"log_gdp",0.165,0.00423444865404172,-0.314775088473741,0.291257465754112
"log_gdp",0.17,-0.00206512496151559,-0.322332333070685,0.285806709363785
"log_gdp",0.175,-0.00797262945723614,NA,NA
"log_gdp",0.18,-0.0135144771914073,NA,NA
"log_gdp",0.185,-0.0187149798307107,NA,NA
"log_gdp",0.19,-0.0235965396206213,-0.343733651842998,0.268579132493418
"log_gdp",0.195,-0.0281798218622044,-0.349202746269205,0.265181500095322
"log_gdp",0.2,-0.0324839103752007,-0.353807811536483,0.260904681125626
"log_gdp",0.205,-0.0365264476208943,NA,NA
"log_gdp",0.21,-0.0403237610324814,NA,NA
"log_gdp",0.215,-0.0438909769679144,NA,NA
"log_gdp",0.22,-0.047242123568176,-0.367902737721119,0.243950400836941
"log_gdp",0.225,-0.0503902236773873,-0.370629418844809,0.240221750779354
"log_gdp",0.23,-0.0533473788626033,-0.373271890139137,0.237420064129485
"log_gdp",0.235,-0.0561248454619611,NA,NA
"log_gdp",0.24,-0.0587331034903556,NA,NA
"log_gdp",0.245,-0.0611819191419836,NA,NA
"log_gdp",0.25,-0.063480401548437,-0.383823775197399,0.227949888181568
"log_gdp",0.255,-0.0656370543789123,-0.386088371251343,0.226012496569272
"log_gdp",0.26,-0.0676598228048814,-0.38733709910391,0.224487596120639
"log_gdp",0.265,-0.0695561362944597,-0.387933723701981,0.222708847593822
"log_gdp",0.27,-0.0713329476510398,-0.389569330866749,0.221360962115419
"log_gdp",0.275,-0.0729967686658132,-0.391108844166355,0.220017129718042
"log_gdp",0.28,-0.0745537027140045,-0.39255747985546,0.218034838226438
"log_gdp",0.285,-0.076009474589356,NA,NA
"log_gdp",0.29,-0.0773694578401643,NA,NA
"log_gdp",0.295,-0.0786386998424536,NA,NA
"log_gdp",0.3,-0.0798219448213295,-0.397215183589524,0.213686585296304
"log_gdp",0.305,-0.080923655009752,-0.397803824995278,0.212254976596859
"log_gdp",0.31,-0.081948030114623,-0.398329254474024,0.211404753383011
"log_gdp",0.315,-0.0828990252428765,-0.398798389190482,0.210628076291531
"log_gdp",0.32,-0.0837803674249763,-0.399214363894875,0.209921161035316
"log_gdp",0.325,-0.0845955708595805,-0.399580118428646,0.209280425993607
"log_gdp",0.33,-0.0853479509910004,-0.399898412008504,0.20870248049057
"log_gdp",0.335,-0.0860406375202474,-0.400171836286503,0.208840000065912
"log_gdp",0.34,-0.0866765864407564,-0.400402827306483,0.209204666205934
"log_gdp",0.345,-0.0872585911812377,NA,NA
"log_gdp",0.35,-0.0877892929303386,NA,NA
"log_gdp",0.355,-0.0882711902108435,NA,NA
"log_gdp",0.36,-0.0887066477649088,NA,NA
"log_gdp",0.365,-0.0890979048062151,-0.401900327140178,0.211536257839454
"log_gdp",0.37,-0.0894470826898715,-0.402234994270454,0.212098504416606
"log_gdp",0.375,-0.0897561920463776,-0.402534655444462,0.212670262785702
"log_gdp",0.38,-0.0900271394218382,-0.402799757409328,0.212420839817808
"log_gdp",0.385,-0.0902617334629371,-0.403032334845792,0.212206601166258
"log_gdp",0.39,-0.0904616906818367,-0.40323473796041,0.212025928733994
"log_gdp",0.395,-0.0906286408331486,-0.403408411414247,0.212500135165608
"log_gdp",0.4,-0.0907641319323815,-0.403276704366182,0.213070210007697
"log_gni",0.01,0.5177553781511,0.32549461305733,0.777427247302718
"log_gni",0.015,0.587209749670895,0.34474383151227,0.8004681357278
"log_gni",0.02,0.592703332796494,0.317580419633216,0.806319846818171
"log_gni",0.025,0.573502569396276,0.276258240006371,0.800174114417515
"log_gni",0.03,0.542924258974863,0.238073585668126,0.784812034570845
"log_gni",0.035,0.507195028024167,0.195187516260057,0.762030086732049
"log_gni",0.04,0.469645477435967,0.155481648238695,0.734984922441386
"log_gni",0.045,0.432148444240706,NA,NA
"log_gni",0.05,0.395759442627414,0.0715063280177918,0.682153136147541
"log_gni",0.055,0.36105111307522,0.0305966581092285,0.652576024549334
"log_gni",0.06,0.328304472901899,NA,NA
"log_gni",0.065,0.297623779284669,-0.0378730017058376,0.602784799443526
"log_gni",0.07,0.269007301734714,NA,NA
"log_gni",0.075,0.242391468117649,-0.0982649343924556,0.56134199632604
"log_gni",0.08,0.217678510878119,-0.123469730235199,0.53977604637311
"log_gni",0.085,0.194753735256252,NA,NA
"log_gni",0.09,0.173496203897199,-0.169999169956993,0.505826655995682
"log_gni",0.095,0.153785226723223,-0.190457312271622,0.488911909985308
"log_gni",0.1,0.135504175625876,NA,NA
"log_gni",0.105,0.118542597415012,-0.226079862370746,0.455181014752621
"log_gni",0.11,0.102797251592974,-0.241000834116392,0.438107860264558
"log_gni",0.115,0.0881724773860343,NA,NA
"log_gni",0.12,0.0745801512845273,-0.268274190778993,0.41513259565295
"log_gni",0.125,0.0619394035812042,-0.278910723847884,0.404653619718711
"log_gni",0.13,0.0501762020659216,-0.292464340673041,0.393122198606292
"log_gni",0.135,0.0392228716944115,-0.30154941097031,0.381917880060831
"log_gni",0.14,0.0290175933680845,-0.311604191340468,0.371475892833607
"log_gni",0.145,0.0195039082104631,NA,NA
"log_gni",0.15,0.0106302428330622,NA,NA
"log_gni",0.155,0.00234946404453997,-0.336908796216949,0.347427413393266
"log_gni",0.16,-0.00538153304332926,-0.342650441484175,0.341029800971312
"log_gni",0.165,-0.0126022023874643,-0.347617713748287,0.334591956088632
"log_gni",0.17,-0.019348690466564,-0.352205554368569,0.328192266889553
"log_gni",0.175,-0.0256541474285833,NA,NA
"log_gni",0.18,-0.0315490080881058,NA,NA
"log_gni",0.185,-0.0370612451720523,NA,NA
"log_gni",0.19,-0.0422165972666293,-0.375224200615562,0.307838987639044
"log_gni",0.195,-0.0470387738581253,-0.382311487212151,0.301909569039495
"log_gni",0.2,-0.0515496397333308,-0.388047787976693,0.297495057870037
"log_gni",0.205,-0.0557693808435905,NA,NA
"log_gni",0.21,-0.059716653559976,NA,NA
"log_gni",0.215,-0.0634087190685607,NA,NA
"log_gni",0.22,-0.0668615644819202,-0.40216873488064,0.282601746996103
"log_gni",0.225,-0.0700900120802784,-0.406889732421876,0.279849474365568
"log_gni",0.23,-0.0731078179453354,-0.409399092102189,0.27825008296036
"log_gni",0.235,-0.0759277611127003,NA,NA
"log_gni",0.24,-0.0785617242449437,NA,NA
"log_gni",0.245,-0.0810207667161245,NA,NA
"log_gni",0.25,-0.0833151908993851,-0.416718776467263,0.271610540474373
"log_gni",0.255,-0.0854546023608971,-0.418098132637603,0.269508915496988
"log_gni",0.26,-0.0874479645850788,-0.419297415490654,0.267320267381126
"log_gni",0.265,-0.0893036487865947,-0.42042573977947,0.266439945410771
"log_gni",0.27,-0.0910294793032392,-0.42180179074867,0.265642468709519
"log_gni",0.275,-0.0926327750094957,-0.423806858638467,0.264638396709554
"log_gni",0.28,-0.09412038714258,-0.425719133196487,0.263787324849742
"log_gni",0.285,-0.0954987338903471,NA,NA
"log_gni",0.29,-0.0967738320529373,NA,NA
"log_gni",0.295,-0.0979513260568475,NA,NA
"log_gni",0.3,-0.0990365145707579,-0.429843733425181,0.261066830257537
"log_gni",0.305,-0.100034374946418,-0.430963889120958,0.260408992550434
"log_gni",0.31,-0.10094958568484,-0.432031783483684,0.259816101987513
"log_gni",0.315,-0.101786547107565,-0.433034283162584,0.259283996589073
"log_gni",0.32,-0.1025494003946,-0.433878790321394,0.258803536080553
"log_gni",0.325,-0.103242045134439,-0.434693954210385,0.25838103297296
"log_gni",0.33,-0.103868155517175,-0.435433607578687,0.258003761411338
"log_gni",0.335,-0.104431195288905,-0.436109180592623,0.257781508871036
"log_gni",0.34,-0.104934431574148,-0.436620145078334,0.257435394815028
"log_gni",0.345,-0.10538094766276,NA,NA
"log_gni",0.35,-0.105773654848722,NA,NA
"log_gni",0.355,-0.106115303399899,NA,NA
"log_gni",0.36,-0.10640849273061,NA,NA
"log_gni",0.365,-0.106655680842171,-0.437328209704883,0.257476033334927
"log_gni",0.37,-0.106859193090691,-0.437391890218517,0.257378235486951
"log_gni",0.375,-0.107021230336042,-0.43743267812548,0.257318255944
"log_gni",0.38,-0.107143876521132,-0.437451752882949,0.257275321896695
"log_gni",0.385,-0.107229105726257,-0.43745023061753,0.256900624524079
"log_gni",0.39,-0.107278788739417,-0.437429168027336,0.257009779810354
"log_gni",0.395,-0.107294699179922,-0.437389566005813,0.257146363738589
"log_gni",0.4,-0.107278519209428,-0.437332373010034,0.257490437966321
"log_pop",0.01,0.0923815853836032,-0.323534369439908,0.631152669137913
"log_pop",0.015,0.159091580779519,-0.263875068975363,0.626329031560693
"log_pop",0.02,0.183888421737021,-0.240587727702425,0.627036142469306
"log_pop",0.025,0.195216423863497,-0.219599064833647,0.618636181842817
"log_pop",0.03,0.200533879263696,-0.212655574850497,0.608229518279424
"log_pop",0.035,0.202707756966384,-0.202318324596978,0.599313663744643
"log_pop",0.04,0.203105531346759,-0.190578437632717,0.594812011577472
"log_pop",0.045,0.202469867921307,NA,NA
"log_pop",0.05,0.201236819185171,-0.166828532585045,0.569936687886682
"log_pop",0.055,0.199674400136923,-0.160729719961808,0.554981334127455
"log_pop",0.06,0.197951529605023,NA,NA
"log_pop",0.065,0.196175806154225,-0.151351470266175,0.534567676711245
"log_pop",0.07,0.194415668938858,NA,NA
"log_pop",0.075,0.192714031814557,-0.145974659799455,0.525674325047124
"log_pop",0.08,0.19109695566316,-0.143571381322549,0.522472256422917
"log_pop",0.085,0.189579296757504,NA,NA
"log_pop",0.09,0.188168449013638,-0.137570012065225,0.505555286134096
"log_pop",0.095,0.186866854394643,-0.139068707676122,0.500573583707682
"log_pop",0.1,0.185673702020306,NA,NA
"log_pop",0.105,0.18458608506142,-0.133830939206186,0.494678821690118
"log_pop",0.11,0.18359979102755,-0.134961725923743,0.496372191159069
"log_pop",0.115,0.182709841883542,NA,NA
"log_pop",0.12,0.18191086220042,-0.129817005533632,0.490422521159629
"log_pop",0.125,0.18119732843745,-0.12953599101269,0.489280042476094
"log_pop",0.13,0.180563735733249,-0.130280362314941,0.483652909529197
"log_pop",0.135,0.180004707321289,-0.1309551784958,0.481813300504018
"log_pop",0.14,0.179515064021572,-0.131361242796802,0.4800682927382
"log_pop",0.145,0.179089865999668,NA,NA
"log_pop",0.15,0.178724435345321,NA,NA
"log_pop",0.155,0.178414365488538,-0.130469940384903,0.475145467433025
"log_pop",0.16,0.178155521695561,-0.128623301576759,0.473982469751384
"log_pop",0.165,0.177944035637013,-0.127896878545563,0.471978964801123
"log_pop",0.17,0.177776296136455,-0.126507281012953,0.470134113853244
"log_pop",0.175,0.177648937580281,NA,NA
"log_pop",0.18,0.177558827023664,NA,NA
"log_pop",0.185,0.177503050709245,NA,NA
"log_pop",0.19,0.177478900488603,-0.1204915475553,0.463781249594223
"log_pop",0.195,0.177483860475044,-0.119118190625125,0.462872300208564
"log_pop",0.2,0.177515594141433,-0.119420275232384,0.463764616458248
"log_pop",0.205,0.177571931995514,NA,NA
"log_pop",0.21,0.177650859907986,NA,NA
"log_pop",0.215,0.177750508128711,NA,NA
"log_pop",0.22,0.177869140999069,-0.118761752719285,0.464210474439059
"log_pop",0.225,0.178005147349954,-0.118995492647381,0.463760162411482
"log_pop",0.23,0.178157031562883,-0.119023144366505,0.463305592647263
"log_pop",0.235,0.17832340526414,NA,NA
"log_pop",0.24,0.178502979617581,NA,NA
"log_pop",0.245,0.178694558179697,NA,NA
"log_pop",0.25,0.178897030279986,-0.118637632464465,0.464458690600549
"log_pop",0.255,0.179109364890284,-0.119622806308096,0.464183584715242
"log_pop",0.26,0.1793306049479,-0.11847364073152,0.464108386416704
"log_pop",0.265,0.179559862099065,-0.118333701618939,0.464587007222187
"log_pop",0.27,0.179796311831116,-0.117477375439306,0.465065343709284
"log_pop",0.275,0.180039188963828,-0.116487786667512,0.465542885116543
"log_pop",0.28,0.180287783472353,-0.115981130465298,0.466019168555522
"log_pop",0.285,0.180541436616233,NA,NA
"log_pop",0.29,0.18079953735087,NA,NA
"log_pop",0.295,0.181061518999678,NA,NA
"log_pop",0.3,0.181326856166857,-0.114901240325212,0.466424176511868
"log_pop",0.305,0.181595061872331,-0.114513700769391,0.466320190560981
"log_pop",0.31,0.181865684891895,-0.113740665527474,0.466991498041711
"log_pop",0.315,0.182138307286971,-0.113942575211162,0.467647812956397
"log_pop",0.32,0.182412542109642,-0.113911703071048,0.467849386293038
"log_pop",0.325,0.182688031269797,-0.1136859987312,0.468266944505419
"log_pop",0.33,0.182964443552281,-0.11346464873668,0.468882522708839
"log_pop",0.335,0.183241472772911,-0.113245312372932,0.469203312285728
"log_pop",0.34,0.183518836063113,-0.113025554339253,0.469307581905685
"log_pop",0.345,0.183796272273748,NA,NA
"log_pop",0.35,0.184073540489435,NA,NA
"log_pop",0.355,0.18435041864537,NA,NA
"log_pop",0.36,0.184626702239239,NA,NA
"log_pop",0.365,0.184902203131425,-0.111948025953676,0.470250764959275
"log_pop",0.37,0.185176748427199,-0.111887375773103,0.470635086744258
"log_pop",0.375,0.185450179435086,-0.111793676091619,0.470998652152723
"log_pop",0.38,0.185722350696026,-0.111300127295142,0.471975171159862
"log_pop",0.385,0.185993129078341,-0.110806719923601,0.473016914224373
"log_pop",0.39,0.186262392933921,-0.110307331463188,0.474019510038438
"log_pop",0.395,0.18653003131135,-0.10980260755181,0.474984221880497
"log_pop",0.4,0.186795943222016,-0.109293149910055,0.475856477870179
